{
    "resourceNameTruncated": "users315f1408",
    "userPoolName": "users",
    "autoVerifiedAttributes": [
        "email"
    ],
    "mfaConfiguration": "OFF",
    "mfaTypes": [
        "SMS Text Message"
    ],
    "smsAuthenticationMessage": "Your authentication code is {####}",
    "smsVerificationMessage": "Your verification code is {####}",
    "emailVerificationSubject": "Your verification code",
    "emailVerificationMessage": "Your verification code is {####}",
    "defaultPasswordPolicy": false,
    "passwordPolicyMinLength": 8,
    "passwordPolicyCharacters": [],
    "requiredAttributes": [
        "email",
        "phone_number"
    ],
    "userpoolClientName": "users315f1408_app_client",
    "userpoolClientGenerateSecret": true,
    "userpoolClientRefreshTokenValidity": 30,
    "userpoolClientWriteAttributes": [
        "email",
        "phone_number"
    ],
    "userpoolClientReadAttributes": [
        "email",
        "phone_number"
    ],
    "mfaLambdaRole": "users315f1408_totp_lambda_role",
    "userpoolClientLambdaRole": "users315f1408_userpoolclient_lambda_role",
    "userpoolClientSetAttributes": true,
    "useDefault": "manual",
    "authSelections": "userPoolOnly",
    "resourceName": "users",
    "triggers": "{\"PostAuthentication\":[\"custom\"],\"PostConfirmation\":[\"custom\"],\"PreSignup\":[\"custom\"]}",
    "hostedUI": false,
    "authRoleName": {
        "Ref": "AuthRoleName"
    },
    "unauthRoleName": {
        "Ref": "UnauthRoleName"
    },
    "authRoleArn": {
        "Fn::GetAtt": [
            "AuthRole",
            "Arn"
        ]
    },
    "unauthRoleArn": {
        "Fn::GetAtt": [
            "UnauthRole",
            "Arn"
        ]
    },
    "PostAuthentication": "usersPostAuthentication",
    "PostConfirmation": "usersPostConfirmation",
    "PreSignup": "usersPreSignup",
    "parentStack": {
        "Ref": "AWS::StackId"
    },
    "permissions": [],
    "dependsOn": [
        {
            "category": "function",
            "resourceName": "usersPostAuthentication",
            "triggerProvider": "Cognito",
            "attributes": [
                "Arn",
                "Name"
            ]
        },
        {
            "category": "function",
            "resourceName": "usersPostConfirmation",
            "triggerProvider": "Cognito",
            "attributes": [
                "Arn",
                "Name"
            ]
        },
        {
            "category": "function",
            "resourceName": "usersPreSignup",
            "triggerProvider": "Cognito",
            "attributes": [
                "Arn",
                "Name"
            ]
        }
    ]
}