{
    "providers": {
        "awscloudformation": {
            "AuthRoleName": "twistter7-devadil-20190928164634-authRole",
            "UnauthRoleArn": "arn:aws:iam::995573383865:role/twistter7-devadil-20190928164634-unauthRole",
            "AuthRoleArn": "arn:aws:iam::995573383865:role/twistter7-devadil-20190928164634-authRole",
            "Region": "us-east-1",
            "DeploymentBucketName": "twistter7-devadil-20190928164634-deployment",
            "UnauthRoleName": "twistter7-devadil-20190928164634-unauthRole",
            "StackName": "twistter7-devadil-20190928164634",
            "StackId": "arn:aws:cloudformation:us-east-1:995573383865:stack/twistter7-devadil-20190928164634/10213f40-e231-11e9-9724-0a8540e42a70"
        }
    }
}