{
	"function": {
		"usersPostAuthentication": {
			"service": "Lambda",
			"providerPlugin": "awscloudformation",
			"build": true
		},
		"usersPostConfirmation": {
			"service": "Lambda",
			"providerPlugin": "awscloudformation",
			"build": true
		},
		"usersPreSignup": {
			"service": "Lambda",
			"providerPlugin": "awscloudformation",
			"build": true
		}
	},
	"auth": {
		"users": {
			"service": "Cognito",
			"providerPlugin": "awscloudformation",
			"dependsOn": [
				{
					"category": "function",
					"resourceName": "usersPostAuthentication",
					"triggerProvider": "Cognito",
					"attributes": [
						"Arn",
						"Name"
					]
				},
				{
					"category": "function",
					"resourceName": "usersPostConfirmation",
					"triggerProvider": "Cognito",
					"attributes": [
						"Arn",
						"Name"
					]
				},
				{
					"category": "function",
					"resourceName": "usersPreSignup",
					"triggerProvider": "Cognito",
					"attributes": [
						"Arn",
						"Name"
					]
				}
			]
		}
	}
}